IP 地址,已发送,已接收,丢包率,平均延迟,下载速度(MB/s),地区码
104.16.159.155,4,4,0.00,66.25,0.28,HKG
198.41.208.71,4,4,0.00,63.22,0.27,HKG
104.16.158.5,4,4,0.00,67.71,0.23,HKG
104.16.157.102,4,4,0.00,66.37,0.22,HKG
198.41.209.212,4,4,0.00,62.16,0.16,HKG
104.16.148.112,4,4,0.00,67.57,0.15,HKG
104.16.153.63,4,4,0.00,67.26,0.15,HKG
104.16.152.20,4,4,0.00,65.97,0.14,HKG
104.16.247.128,4,4,0.00,66.46,0.13,HKG
198.41.204.207,4,3,0.25,229.06,0.00,N/A
104.16.234.139,4,4,0.00,229.17,0.00,N/A
104.17.124.170,4,4,0.00,67.99,0.00,N/A
104.17.105.95,4,4,0.00,68.39,0.00,N/A
104.17.63.236,4,4,0.00,68.42,0.00,N/A
104.17.120.170,4,4,0.00,68.60,0.00,N/A
104.16.151.163,4,4,0.00,68.85,0.00,N/A
104.17.104.105,4,4,0.00,69.45,0.00,N/A
104.17.119.122,4,4,0.00,69.48,0.00,N/A
104.17.55.203,4,4,0.00,69.54,0.00,N/A
104.16.147.205,4,4,0.00,69.56,0.00,N/A
104.16.150.165,4,4,0.00,69.70,0.00,N/A
104.16.144.183,4,4,0.00,69.91,0.00,N/A
104.17.58.187,4,4,0.00,70.69,0.00,N/A
104.16.149.229,4,4,0.00,70.69,0.00,N/A
104.17.35.85,4,4,0.00,70.69,0.00,N/A
104.17.54.8,4,4,0.00,70.97,0.00,N/A
104.17.107.248,4,4,0.00,71.17,0.00,N/A
104.17.98.117,4,4,0.00,71.22,0.00,N/A
104.16.145.82,4,4,0.00,71.78,0.00,N/A
104.17.106.247,4,4,0.00,71.85,0.00,N/A
104.17.29.215,4,4,0.00,71.95,0.00,N/A
104.16.146.162,4,4,0.00,72.29,0.00,N/A
104.16.155.153,4,4,0.00,72.31,0.00,N/A
104.16.245.252,4,4,0.00,72.36,0.00,N/A
104.17.118.72,4,4,0.00,72.42,0.00,N/A
104.16.154.62,4,4,0.00,72.56,0.00,N/A
104.17.127.82,4,4,0.00,72.70,0.00,N/A
104.17.102.178,4,4,0.00,72.88,0.00,N/A
104.17.114.37,4,4,0.00,72.88,0.00,N/A
104.17.57.118,4,4,0.00,72.96,0.00,N/A
104.16.156.72,4,4,0.00,73.16,0.00,N/A
104.17.49.3,4,4,0.00,73.28,0.00,N/A
104.17.110.159,4,4,0.00,73.45,0.00,N/A
104.17.53.178,4,4,0.00,73.60,0.00,N/A
104.17.122.140,4,4,0.00,73.62,0.00,N/A
104.17.111.156,4,4,0.00,74.27,0.00,N/A
104.16.241.134,4,4,0.00,74.39,0.00,N/A
104.17.101.52,4,4,0.00,74.53,0.00,N/A
104.17.62.33,4,4,0.00,74.56,0.00,N/A
104.17.121.222,4,4,0.00,74.57,0.00,N/A
104.17.100.13,4,4,0.00,74.96,0.00,N/A
104.17.51.230,4,4,0.00,75.03,0.00,N/A
104.17.56.226,4,4,0.00,75.06,0.00,N/A
104.17.50.60,4,4,0.00,76.01,0.00,N/A
104.17.52.51,4,4,0.00,76.15,0.00,N/A
104.17.112.6,4,4,0.00,76.34,0.00,N/A
104.17.108.233,4,4,0.00,76.45,0.00,N/A
104.17.28.116,4,4,0.00,76.53,0.00,N/A
104.17.99.1,4,4,0.00,76.82,0.00,N/A
104.17.103.85,4,4,0.00,77.06,0.00,N/A
104.17.31.190,4,4,0.00,77.50,0.00,N/A
104.17.123.3,4,4,0.00,77.78,0.00,N/A
104.17.17.121,4,4,0.00,77.95,0.00,N/A
104.17.19.82,4,4,0.00,77.99,0.00,N/A
104.17.116.185,4,4,0.00,78.25,0.00,N/A
104.17.61.190,4,4,0.00,78.54,0.00,N/A
104.17.117.181,4,4,0.00,78.57,0.00,N/A
104.17.22.233,4,4,0.00,78.71,0.00,N/A
104.17.60.38,4,4,0.00,78.74,0.00,N/A
104.17.97.157,4,4,0.00,78.76,0.00,N/A
104.17.48.121,4,4,0.00,78.77,0.00,N/A
104.17.125.174,4,4,0.00,78.79,0.00,N/A
104.17.115.49,4,4,0.00,78.91,0.00,N/A
104.17.113.34,4,4,0.00,79.21,0.00,N/A
104.17.96.123,4,4,0.00,79.49,0.00,N/A
104.17.126.107,4,4,0.00,79.77,0.00,N/A
104.17.20.23,4,4,0.00,79.84,0.00,N/A
104.16.254.242,4,4,0.00,80.13,0.00,N/A
104.17.30.129,4,4,0.00,80.28,0.00,N/A
104.17.23.154,4,4,0.00,80.33,0.00,N/A
104.16.255.46,4,4,0.00,80.37,0.00,N/A
104.17.26.93,4,4,0.00,80.44,0.00,N/A
104.17.27.58,4,4,0.00,80.64,0.00,N/A
104.16.249.54,4,4,0.00,81.38,0.00,N/A
104.17.25.159,4,4,0.00,82.51,0.00,N/A
104.17.24.33,4,4,0.00,82.66,0.00,N/A
104.16.244.31,4,4,0.00,82.81,0.00,N/A
104.16.251.244,4,4,0.00,83.08,0.00,N/A
104.17.109.127,4,4,0.00,83.25,0.00,N/A
104.16.246.67,4,4,0.00,83.60,0.00,N/A
104.16.248.133,4,4,0.00,83.66,0.00,N/A
104.16.252.248,4,4,0.00,83.77,0.00,N/A
104.16.243.47,4,4,0.00,83.89,0.00,N/A
104.16.253.189,4,4,0.00,84.48,0.00,N/A
104.16.240.134,4,4,0.00,84.61,0.00,N/A
104.16.250.219,4,4,0.00,84.78,0.00,N/A
104.17.59.188,4,4,0.00,86.07,0.00,N/A
104.17.21.230,4,4,0.00,87.17,0.00,N/A
104.17.16.68,4,4,0.00,87.70,0.00,N/A
104.17.18.78,4,4,0.00,88.86,0.00,N/A
103.21.244.214,4,4,0.00,153.98,0.00,N/A
104.16.11.181,4,4,0.00,209.45,0.00,N/A
162.159.36.121,4,4,0.00,213.63,0.00,N/A
162.159.26.34,4,4,0.00,214.21,0.00,N/A
104.26.3.186,4,4,0.00,214.82,0.00,N/A
104.16.12.111,4,4,0.00,215.00,0.00,N/A
162.159.92.13,4,4,0.00,216.96,0.00,N/A
104.16.13.29,4,4,0.00,218.57,0.00,N/A
104.17.45.163,4,4,0.00,218.71,0.00,N/A
162.159.199.185,4,4,0.00,218.80,0.00,N/A
162.159.38.232,4,4,0.00,218.94,0.00,N/A
162.159.235.30,4,4,0.00,219.82,0.00,N/A
104.16.33.18,4,4,0.00,219.86,0.00,N/A
198.41.202.34,4,4,0.00,220.00,0.00,N/A
104.16.43.242,4,4,0.00,220.22,0.00,N/A
104.16.161.156,4,4,0.00,220.42,0.00,N/A
162.159.95.34,4,4,0.00,220.66,0.00,N/A
162.159.57.15,4,4,0.00,220.80,0.00,N/A
104.26.8.183,4,4,0.00,220.84,0.00,N/A
198.41.198.241,4,4,0.00,220.96,0.00,N/A
104.26.12.251,4,4,0.00,221.23,0.00,N/A
104.16.122.6,4,4,0.00,221.27,0.00,N/A
198.41.218.145,4,4,0.00,221.28,0.00,N/A
162.159.7.252,4,4,0.00,221.43,0.00,N/A
162.159.27.19,4,4,0.00,221.50,0.00,N/A
162.159.14.18,4,4,0.00,221.50,0.00,N/A
104.16.59.149,4,4,0.00,221.61,0.00,N/A
104.26.5.70,4,4,0.00,221.62,0.00,N/A
104.16.55.225,4,4,0.00,221.80,0.00,N/A
104.26.9.187,4,4,0.00,221.83,0.00,N/A
162.159.34.52,4,4,0.00,221.91,0.00,N/A
104.16.52.103,4,4,0.00,221.91,0.00,N/A
104.16.168.120,4,4,0.00,221.94,0.00,N/A
162.159.22.165,4,4,0.00,222.06,0.00,N/A
198.41.216.247,4,4,0.00,222.20,0.00,N/A
162.159.90.219,4,4,0.00,222.33,0.00,N/A
104.16.18.187,4,4,0.00,222.43,0.00,N/A
104.26.4.20,4,4,0.00,222.43,0.00,N/A
104.16.27.180,4,4,0.00,222.52,0.00,N/A
162.159.23.161,4,4,0.00,222.52,0.00,N/A
198.41.201.86,4,4,0.00,222.60,0.00,N/A
198.41.206.84,4,4,0.00,222.65,0.00,N/A
104.26.10.125,4,4,0.00,222.66,0.00,N/A
104.26.11.73,4,4,0.00,222.76,0.00,N/A
198.41.222.197,4,4,0.00,222.80,0.00,N/A
162.159.5.60,4,4,0.00,223.13,0.00,N/A
162.159.21.118,4,4,0.00,223.14,0.00,N/A
104.26.2.86,4,4,0.00,223.17,0.00,N/A
104.16.14.75,4,4,0.00,223.19,0.00,N/A
162.159.42.49,4,4,0.00,223.20,0.00,N/A
162.159.48.143,4,4,0.00,223.41,0.00,N/A
104.16.49.40,4,4,0.00,223.64,0.00,N/A
104.16.130.1,4,4,0.00,223.74,0.00,N/A
104.26.13.163,4,4,0.00,223.74,0.00,N/A
104.16.221.112,4,4,0.00,223.77,0.00,N/A
162.159.231.24,4,4,0.00,223.78,0.00,N/A
104.16.1.164,4,4,0.00,223.80,0.00,N/A
104.16.30.143,4,4,0.00,223.81,0.00,N/A
162.159.243.35,4,4,0.00,223.90,0.00,N/A
162.159.39.9,4,3,0.25,230.66,0.00,N/A
104.16.17.24,4,4,0.00,223.95,0.00,N/A
104.26.7.195,4,4,0.00,224.07,0.00,N/A
104.16.64.127,4,4,0.00,224.08,0.00,N/A
104.16.132.109,4,4,0.00,224.08,0.00,N/A
162.159.41.114,4,4,0.00,224.19,0.00,N/A
104.16.7.53,4,4,0.00,224.25,0.00,N/A
104.16.15.104,4,4,0.00,224.35,0.00,N/A
162.159.230.196,4,4,0.00,224.36,0.00,N/A
104.26.6.189,4,4,0.00,224.36,0.00,N/A
104.16.8.147,4,4,0.00,224.42,0.00,N/A
104.16.6.67,4,4,0.00,224.46,0.00,N/A
104.16.66.20,4,4,0.00,224.51,0.00,N/A
162.159.44.234,4,4,0.00,224.64,0.00,N/A
104.16.219.119,4,4,0.00,224.69,0.00,N/A
198.41.194.167,4,4,0.00,224.71,0.00,N/A
198.41.207.147,4,4,0.00,224.77,0.00,N/A
162.159.18.144,4,4,0.00,224.92,0.00,N/A
162.159.40.53,4,4,0.00,224.94,0.00,N/A
104.17.46.230,4,4,0.00,224.99,0.00,N/A
104.16.84.43,4,4,0.00,225.17,0.00,N/A
104.16.62.159,4,4,0.00,225.18,0.00,N/A
104.16.129.56,4,4,0.00,225.22,0.00,N/A
104.26.14.247,4,4,0.00,225.29,0.00,N/A
104.16.63.148,4,4,0.00,225.60,0.00,N/A
162.159.244.176,4,4,0.00,225.64,0.00,N/A
104.16.67.197,4,4,0.00,225.65,0.00,N/A
104.16.128.194,4,4,0.00,225.70,0.00,N/A
104.16.102.166,4,4,0.00,225.91,0.00,N/A
104.16.21.167,4,4,0.00,225.92,0.00,N/A
104.25.220.63,4,4,0.00,226.03,0.00,N/A
104.16.81.129,4,4,0.00,226.03,0.00,N/A
104.25.219.202,4,4,0.00,226.10,0.00,N/A
104.16.57.71,4,4,0.00,226.36,0.00,N/A
104.16.123.120,4,4,0.00,226.40,0.00,N/A
104.16.160.237,4,4,0.00,226.47,0.00,N/A
104.17.43.204,4,4,0.00,226.55,0.00,N/A
104.16.197.235,4,4,0.00,226.56,0.00,N/A
104.16.120.195,4,4,0.00,226.63,0.00,N/A
104.16.86.134,4,4,0.00,226.67,0.00,N/A
104.25.238.180,4,4,0.00,226.68,0.00,N/A
104.16.20.20,4,4,0.00,226.71,0.00,N/A
104.16.45.47,4,4,0.00,226.75,0.00,N/A
162.159.60.88,4,4,0.00,226.75,0.00,N/A
162.159.49.147,4,4,0.00,226.81,0.00,N/A
162.159.91.147,4,4,0.00,226.82,0.00,N/A
104.16.217.204,4,4,0.00,226.90,0.00,N/A
104.16.0.79,4,4,0.00,226.93,0.00,N/A
104.16.93.232,4,4,0.00,226.98,0.00,N/A
162.159.62.111,4,4,0.00,227.07,0.00,N/A
104.16.82.249,4,4,0.00,227.18,0.00,N/A
104.16.90.162,4,4,0.00,227.24,0.00,N/A
104.16.19.132,4,4,0.00,227.34,0.00,N/A
104.16.35.94,4,4,0.00,227.40,0.00,N/A
104.16.60.105,4,4,0.00,227.41,0.00,N/A
104.16.47.10,4,4,0.00,227.45,0.00,N/A
104.16.231.36,4,4,0.00,227.60,0.00,N/A
104.25.222.116,4,4,0.00,227.70,0.00,N/A
104.26.15.9,4,4,0.00,227.94,0.00,N/A
104.16.206.189,4,4,0.00,228.00,0.00,N/A
162.159.241.252,4,4,0.00,228.01,0.00,N/A
104.16.114.93,4,4,0.00,228.03,0.00,N/A
162.159.9.166,4,4,0.00,228.04,0.00,N/A
104.16.58.93,4,4,0.00,228.04,0.00,N/A
104.16.224.223,4,4,0.00,228.04,0.00,N/A
104.25.212.247,4,4,0.00,228.07,0.00,N/A
104.16.124.234,4,4,0.00,228.15,0.00,N/A
162.159.35.206,4,4,0.00,228.24,0.00,N/A
104.16.127.68,4,4,0.00,228.24,0.00,N/A
104.16.141.129,4,4,0.00,228.36,0.00,N/A
104.16.50.12,4,4,0.00,228.41,0.00,N/A
104.16.83.81,4,4,0.00,228.42,0.00,N/A
104.16.126.60,4,4,0.00,228.43,0.00,N/A
104.16.174.200,4,4,0.00,228.43,0.00,N/A
104.16.16.74,4,4,0.00,228.44,0.00,N/A
162.159.207.95,4,4,0.00,228.46,0.00,N/A
162.159.12.85,4,4,0.00,228.47,0.00,N/A
198.41.193.118,4,4,0.00,228.57,0.00,N/A
162.159.13.226,4,4,0.00,228.59,0.00,N/A
104.16.140.7,4,4,0.00,228.81,0.00,N/A
162.159.19.114,4,4,0.00,228.83,0.00,N/A
104.17.34.242,4,4,0.00,229.06,0.00,N/A
104.16.191.223,4,4,0.00,229.11,0.00,N/A
104.16.179.81,4,4,0.00,229.14,0.00,N/A
104.16.105.120,4,4,0.00,229.15,0.00,N/A
104.16.226.78,4,3,0.25,230.48,0.00,N/A
104.16.98.49,4,4,0.00,229.18,0.00,N/A
162.159.94.43,4,4,0.00,229.28,0.00,N/A
104.16.76.122,4,4,0.00,229.33,0.00,N/A
104.16.189.105,4,4,0.00,229.36,0.00,N/A
162.159.4.134,4,4,0.00,229.38,0.00,N/A
104.17.0.254,4,4,0.00,229.60,0.00,N/A
104.16.92.109,4,4,0.00,229.63,0.00,N/A
162.159.50.189,4,4,0.00,229.68,0.00,N/A
104.16.53.32,4,4,0.00,229.78,0.00,N/A
104.16.77.10,4,4,0.00,229.79,0.00,N/A
104.16.9.159,4,4,0.00,229.79,0.00,N/A
162.159.15.55,4,4,0.00,229.88,0.00,N/A
198.41.199.211,4,4,0.00,229.96,0.00,N/A
104.17.39.125,4,4,0.00,230.02,0.00,N/A
198.41.217.77,4,4,0.00,230.07,0.00,N/A
162.159.61.69,4,4,0.00,230.11,0.00,N/A
162.159.193.31,4,4,0.00,230.13,0.00,N/A
104.16.201.203,4,4,0.00,230.17,0.00,N/A
104.16.69.9,4,4,0.00,230.24,0.00,N/A
104.16.70.253,4,4,0.00,230.35,0.00,N/A
198.41.214.39,4,4,0.00,230.39,0.00,N/A
198.41.192.34,4,4,0.00,230.40,0.00,N/A
104.16.230.141,4,4,0.00,230.41,0.00,N/A
162.159.245.31,4,4,0.00,230.42,0.00,N/A
104.16.96.145,4,4,0.00,230.42,0.00,N/A
104.16.143.186,4,4,0.00,230.46,0.00,N/A
104.16.137.41,4,4,0.00,230.61,0.00,N/A
104.16.97.50,4,4,0.00,230.63,0.00,N/A
198.41.219.233,4,4,0.00,230.66,0.00,N/A
104.17.10.14,4,4,0.00,230.72,0.00,N/A
104.16.72.4,4,4,0.00,230.75,0.00,N/A
104.16.223.156,4,4,0.00,230.75,0.00,N/A
104.16.232.58,4,4,0.00,230.78,0.00,N/A
162.159.1.51,4,4,0.00,230.80,0.00,N/A
162.159.58.138,4,4,0.00,230.84,0.00,N/A
198.41.211.144,4,4,0.00,230.84,0.00,N/A
104.17.15.37,4,4,0.00,230.90,0.00,N/A
104.16.80.34,4,4,0.00,230.91,0.00,N/A
104.16.136.84,4,4,0.00,230.91,0.00,N/A
162.159.248.214,4,4,0.00,230.93,0.00,N/A
198.41.197.145,4,4,0.00,230.95,0.00,N/A
104.16.99.67,4,4,0.00,230.97,0.00,N/A
104.16.193.53,4,4,0.00,230.97,0.00,N/A
104.16.48.175,4,4,0.00,231.05,0.00,N/A
104.16.171.141,4,4,0.00,231.07,0.00,N/A
162.159.20.128,4,4,0.00,231.15,0.00,N/A
104.16.138.52,4,4,0.00,231.16,0.00,N/A
104.16.4.6,4,4,0.00,231.16,0.00,N/A
104.16.187.28,4,4,0.00,231.18,0.00,N/A
104.16.196.249,4,4,0.00,231.23,0.00,N/A
104.25.174.116,4,3,0.25,230.44,0.00,N/A
104.16.56.86,4,4,0.00,231.35,0.00,N/A
104.16.227.75,4,4,0.00,231.37,0.00,N/A
104.16.229.38,4,4,0.00,231.38,0.00,N/A
104.16.239.232,4,4,0.00,231.41,0.00,N/A
104.16.113.158,4,4,0.00,231.45,0.00,N/A
104.16.10.36,4,4,0.00,231.59,0.00,N/A
162.159.232.136,4,4,0.00,231.60,0.00,N/A
104.16.186.192,4,4,0.00,231.61,0.00,N/A
104.16.142.13,4,4,0.00,231.62,0.00,N/A
104.16.95.82,4,4,0.00,231.65,0.00,N/A
104.16.112.120,4,4,0.00,231.68,0.00,N/A
104.25.203.196,4,4,0.00,231.74,0.00,N/A
104.16.134.134,4,4,0.00,231.75,0.00,N/A
104.17.6.72,4,4,0.00,231.75,0.00,N/A
104.16.184.104,4,4,0.00,231.76,0.00,N/A
104.17.32.19,4,4,0.00,231.77,0.00,N/A
104.16.194.132,4,4,0.00,231.79,0.00,N/A
104.16.228.83,4,4,0.00,231.82,0.00,N/A
104.16.111.47,4,4,0.00,231.87,0.00,N/A
198.41.196.78,4,4,0.00,231.92,0.00,N/A
104.17.47.190,4,4,0.00,231.95,0.00,N/A
104.25.202.116,4,4,0.00,231.98,0.00,N/A
162.159.228.247,4,4,0.00,232.07,0.00,N/A
104.16.39.219,4,4,0.00,232.09,0.00,N/A
104.16.51.115,4,4,0.00,232.19,0.00,N/A
104.16.121.20,4,4,0.00,232.21,0.00,N/A
162.159.6.137,4,4,0.00,232.30,0.00,N/A
104.17.33.32,4,4,0.00,232.38,0.00,N/A
162.159.197.106,4,4,0.00,232.45,0.00,N/A
104.17.12.39,4,4,0.00,232.46,0.00,N/A
104.17.8.231,4,4,0.00,232.48,0.00,N/A
162.159.8.78,4,4,0.00,232.51,0.00,N/A
104.16.28.197,4,4,0.00,232.52,0.00,N/A
104.16.74.4,4,4,0.00,232.58,0.00,N/A
198.41.205.10,4,4,0.00,232.59,0.00,N/A
104.16.110.219,4,4,0.00,232.68,0.00,N/A
104.16.177.168,4,4,0.00,232.74,0.00,N/A
104.17.38.16,4,4,0.00,232.79,0.00,N/A
104.16.79.200,4,4,0.00,232.82,0.00,N/A
104.17.36.131,4,4,0.00,232.82,0.00,N/A
162.159.56.113,4,4,0.00,232.91,0.00,N/A
104.16.204.90,4,4,0.00,233.01,0.00,N/A
104.16.212.164,4,4,0.00,233.19,0.00,N/A
198.41.195.78,4,4,0.00,233.22,0.00,N/A
104.16.24.197,4,4,0.00,233.26,0.00,N/A
104.16.25.122,4,4,0.00,233.32,0.00,N/A
104.16.180.23,4,4,0.00,233.33,0.00,N/A
104.16.109.143,4,4,0.00,233.38,0.00,N/A
104.16.2.209,4,4,0.00,233.42,0.00,N/A
104.16.192.205,4,4,0.00,233.44,0.00,N/A
104.16.100.143,4,4,0.00,233.53,0.00,N/A
104.16.209.11,4,4,0.00,233.59,0.00,N/A
104.16.225.231,4,4,0.00,233.65,0.00,N/A
104.16.32.46,4,4,0.00,233.68,0.00,N/A
104.25.200.157,4,4,0.00,233.71,0.00,N/A
104.16.65.173,4,4,0.00,233.73,0.00,N/A
104.16.195.137,4,4,0.00,233.87,0.00,N/A
104.25.213.242,4,4,0.00,233.89,0.00,N/A
162.159.202.19,4,4,0.00,233.91,0.00,N/A
104.17.4.12,4,4,0.00,234.00,0.00,N/A
162.159.205.164,4,4,0.00,234.11,0.00,N/A
104.16.173.18,4,4,0.00,234.11,0.00,N/A
162.159.16.106,4,4,0.00,234.19,0.00,N/A
162.159.2.251,4,4,0.00,234.21,0.00,N/A
104.17.2.94,4,4,0.00,234.23,0.00,N/A
104.16.135.57,4,4,0.00,234.32,0.00,N/A
162.159.246.208,4,4,0.00,234.57,0.00,N/A
162.159.17.179,4,4,0.00,234.63,0.00,N/A
104.17.3.84,4,4,0.00,234.66,0.00,N/A
104.25.201.231,4,4,0.00,234.73,0.00,N/A
198.41.203.249,4,4,0.00,234.76,0.00,N/A
104.16.103.8,4,4,0.00,234.82,0.00,N/A
104.16.37.114,4,4,0.00,234.86,0.00,N/A
104.16.133.103,4,4,0.00,234.91,0.00,N/A
162.159.236.53,4,4,0.00,234.98,0.00,N/A
104.16.104.60,4,4,0.00,235.26,0.00,N/A
104.16.203.7,4,4,0.00,235.28,0.00,N/A
104.16.73.195,4,4,0.00,235.36,0.00,N/A
104.16.166.210,4,4,0.00,235.45,0.00,N/A
162.159.192.109,4,4,0.00,235.51,0.00,N/A
104.16.115.165,4,4,0.00,235.56,0.00,N/A
104.16.131.48,4,4,0.00,235.58,0.00,N/A
104.16.68.76,4,4,0.00,235.60,0.00,N/A
104.16.107.208,4,4,0.00,235.64,0.00,N/A
104.16.116.147,4,4,0.00,235.67,0.00,N/A
162.159.240.220,4,4,0.00,235.73,0.00,N/A
104.16.94.50,4,4,0.00,235.78,0.00,N/A
104.16.44.30,4,4,0.00,235.94,0.00,N/A
104.16.190.104,4,4,0.00,236.02,0.00,N/A
162.159.198.108,4,4,0.00,236.17,0.00,N/A
104.16.188.95,4,4,0.00,236.33,0.00,N/A
104.25.218.204,4,4,0.00,236.35,0.00,N/A
104.16.117.62,4,4,0.00,236.68,0.00,N/A
104.16.182.28,4,4,0.00,236.76,0.00,N/A
104.16.214.157,4,4,0.00,236.95,0.00,N/A
162.159.255.188,4,4,0.00,237.25,0.00,N/A
104.25.216.122,4,4,0.00,237.29,0.00,N/A
198.41.200.181,4,4,0.00,237.31,0.00,N/A
104.16.41.245,4,4,0.00,237.36,0.00,N/A
104.16.200.249,4,4,0.00,237.38,0.00,N/A
104.17.11.154,4,4,0.00,237.47,0.00,N/A
162.159.51.244,4,4,0.00,237.50,0.00,N/A
162.159.206.7,4,4,0.00,237.56,0.00,N/A
104.16.42.28,4,4,0.00,238.18,0.00,N/A
104.25.215.8,4,4,0.00,238.20,0.00,N/A
162.159.253.194,4,4,0.00,238.30,0.00,N/A
162.159.252.22,4,4,0.00,238.38,0.00,N/A
104.16.3.165,4,4,0.00,238.48,0.00,N/A
104.16.89.189,4,4,0.00,238.92,0.00,N/A
104.16.216.11,4,4,0.00,239.07,0.00,N/A
104.16.164.143,4,4,0.00,239.12,0.00,N/A
104.16.235.66,4,4,0.00,239.19,0.00,N/A
104.16.185.43,4,4,0.00,239.20,0.00,N/A
104.16.213.142,4,4,0.00,239.30,0.00,N/A
104.16.5.64,4,4,0.00,239.31,0.00,N/A
104.16.181.195,4,4,0.00,239.75,0.00,N/A
104.17.9.140,4,4,0.00,239.85,0.00,N/A
104.25.98.15,4,4,0.00,240.22,0.00,N/A
104.17.7.243,4,4,0.00,240.41,0.00,N/A
162.159.229.73,4,4,0.00,240.57,0.00,N/A
162.159.33.251,4,4,0.00,240.58,0.00,N/A
104.17.1.66,4,4,0.00,240.61,0.00,N/A
104.16.176.42,4,4,0.00,241.20,0.00,N/A
104.16.205.72,4,4,0.00,241.30,0.00,N/A
104.16.40.120,4,4,0.00,241.54,0.00,N/A
104.16.208.244,4,4,0.00,241.74,0.00,N/A
104.16.34.2,4,4,0.00,241.95,0.00,N/A
162.159.46.248,4,4,0.00,242.12,0.00,N/A
162.159.254.87,4,4,0.00,242.47,0.00,N/A
104.25.211.236,4,4,0.00,242.85,0.00,N/A
104.16.29.72,4,4,0.00,242.87,0.00,N/A
188.114.99.72,4,4,0.00,243.58,0.00,N/A
104.16.233.160,4,4,0.00,243.71,0.00,N/A
104.16.222.96,4,4,0.00,243.82,0.00,N/A
104.16.101.38,4,4,0.00,243.88,0.00,N/A
162.159.247.227,4,4,0.00,245.12,0.00,N/A
162.159.249.22,4,4,0.00,245.12,0.00,N/A
104.16.215.25,4,4,0.00,245.14,0.00,N/A
104.17.37.157,4,4,0.00,245.27,0.00,N/A
162.159.237.39,4,4,0.00,246.53,0.00,N/A
104.16.178.158,4,4,0.00,247.30,0.00,N/A
162.159.138.49,4,4,0.00,251.61,0.00,N/A
104.16.162.236,4,4,0.00,254.19,0.00,N/A
188.114.98.14,4,4,0.00,256.28,0.00,N/A
108.162.193.93,4,4,0.00,257.43,0.00,N/A
190.93.246.81,4,4,0.00,259.95,0.00,N/A
173.245.59.221,4,4,0.00,262.08,0.00,N/A
108.162.196.106,4,4,0.00,262.30,0.00,N/A
141.101.122.6,4,4,0.00,262.53,0.00,N/A
108.162.194.69,4,4,0.00,262.54,0.00,N/A
141.101.115.159,4,4,0.00,263.35,0.00,N/A
188.114.97.110,4,4,0.00,263.47,0.00,N/A
141.101.123.131,4,4,0.00,263.65,0.00,N/A
162.159.129.61,4,4,0.00,263.67,0.00,N/A
141.101.120.254,4,4,0.00,263.78,0.00,N/A
162.159.143.231,4,4,0.00,263.90,0.00,N/A
190.93.244.98,4,4,0.00,264.17,0.00,N/A
162.159.133.177,4,4,0.00,264.51,0.00,N/A
141.101.114.101,4,4,0.00,265.21,0.00,N/A
190.93.247.61,4,4,0.00,266.43,0.00,N/A
173.245.49.171,4,4,0.00,267.31,0.00,N/A
162.159.134.40,4,4,0.00,268.89,0.00,N/A
162.159.137.168,4,4,0.00,269.80,0.00,N/A
162.159.128.28,4,4,0.00,276.44,0.00,N/A
162.159.142.175,4,4,0.00,276.93,0.00,N/A
162.159.141.76,4,4,0.00,276.98,0.00,N/A
162.159.140.244,4,4,0.00,277.68,0.00,N/A
162.159.136.205,4,4,0.00,278.80,0.00,N/A
162.159.130.226,4,4,0.00,279.41,0.00,N/A
162.159.153.158,4,4,0.00,285.03,0.00,N/A
162.159.152.216,4,4,0.00,287.09,0.00,N/A
103.31.4.202,4,4,0.00,289.61,0.00,N/A
162.159.234.204,4,4,0.00,290.05,0.00,N/A
104.25.240.113,4,3,0.25,59.85,0.00,N/A
104.18.95.215,4,3,0.25,63.36,0.00,N/A
104.25.247.166,4,3,0.25,64.01,0.00,N/A
104.25.255.87,4,3,0.25,65.16,0.00,N/A
104.25.253.204,4,3,0.25,66.61,0.00,N/A
104.17.149.47,4,3,0.25,67.12,0.00,N/A
104.17.162.226,4,3,0.25,67.19,0.00,N/A
104.17.150.229,4,3,0.25,67.22,0.00,N/A
104.25.254.181,4,3,0.25,67.68,0.00,N/A
104.17.146.173,4,3,0.25,67.74,0.00,N/A
104.25.241.195,4,3,0.25,67.89,0.00,N/A
104.17.157.119,4,3,0.25,68.91,0.00,N/A
104.25.250.246,4,3,0.25,69.15,0.00,N/A
104.25.249.136,4,3,0.25,69.55,0.00,N/A
104.17.158.219,4,3,0.25,69.82,0.00,N/A
104.25.248.19,4,3,0.25,70.18,0.00,N/A
104.25.244.186,4,3,0.25,70.33,0.00,N/A
104.17.147.132,4,3,0.25,71.97,0.00,N/A
104.25.243.120,4,3,0.25,72.14,0.00,N/A
104.17.151.248,4,3,0.25,74.58,0.00,N/A
104.17.145.1,4,3,0.25,75.41,0.00,N/A
104.17.148.168,4,3,0.25,75.69,0.00,N/A
104.17.144.216,4,3,0.25,77.50,0.00,N/A
172.67.72.10,4,3,0.25,206.42,0.00,N/A
172.67.65.254,4,3,0.25,207.50,0.00,N/A
172.67.69.250,4,3,0.25,208.75,0.00,N/A
172.67.67.205,4,3,0.25,208.91,0.00,N/A
172.67.64.59,4,3,0.25,208.93,0.00,N/A
172.67.73.64,4,3,0.25,210.47,0.00,N/A
172.67.68.161,4,3,0.25,210.55,0.00,N/A
108.162.192.146,4,3,0.25,210.63,0.00,N/A
172.67.71.122,4,3,0.25,211.51,0.00,N/A
172.67.70.65,4,3,0.25,211.60,0.00,N/A
172.67.66.156,4,3,0.25,212.51,0.00,N/A
172.66.202.176,4,3,0.25,214.72,0.00,N/A
162.159.11.58,4,3,0.25,214.84,0.00,N/A
172.66.196.74,4,3,0.25,215.22,0.00,N/A
104.25.179.224,4,3,0.25,215.90,0.00,N/A
104.25.199.39,4,3,0.25,215.93,0.00,N/A
104.25.178.168,4,3,0.25,217.66,0.00,N/A
104.25.226.247,4,3,0.25,217.79,0.00,N/A
172.66.198.104,4,3,0.25,218.00,0.00,N/A
104.16.236.242,4,3,0.25,218.49,0.00,N/A
104.25.157.174,4,3,0.25,218.62,0.00,N/A
162.159.93.144,4,3,0.25,218.67,0.00,N/A
104.25.154.160,4,3,0.25,219.21,0.00,N/A
172.66.214.98,4,3,0.25,219.50,0.00,N/A
198.41.223.122,4,3,0.25,219.82,0.00,N/A
172.66.203.121,4,3,0.25,220.23,0.00,N/A
162.159.0.126,4,3,0.25,221.54,0.00,N/A
104.25.160.38,4,3,0.25,221.92,0.00,N/A
162.159.45.37,4,3,0.25,222.65,0.00,N/A
172.66.192.67,4,3,0.25,223.11,0.00,N/A
104.16.61.48,4,3,0.25,223.12,0.00,N/A
104.25.155.191,4,3,0.25,223.23,0.00,N/A
104.16.22.105,4,3,0.25,223.23,0.00,N/A
172.66.206.224,4,3,0.25,223.50,0.00,N/A
104.17.65.123,4,3,0.25,224.15,0.00,N/A
162.159.3.115,4,3,0.25,224.42,0.00,N/A
104.25.227.223,4,3,0.25,224.44,0.00,N/A
104.16.106.40,4,3,0.25,224.46,0.00,N/A
172.66.204.13,4,3,0.25,224.55,0.00,N/A
172.66.199.155,4,3,0.25,224.77,0.00,N/A
104.25.223.225,4,3,0.25,224.93,0.00,N/A
104.16.118.238,4,3,0.25,225.13,0.00,N/A
172.66.211.101,4,3,0.25,225.49,0.00,N/A
172.66.212.15,4,3,0.25,225.60,0.00,N/A
104.16.165.223,4,3,0.25,225.61,0.00,N/A
162.159.43.28,4,3,0.25,225.70,0.00,N/A
104.16.38.74,4,3,0.25,225.81,0.00,N/A
104.16.91.134,4,3,0.25,225.94,0.00,N/A
104.25.224.222,4,3,0.25,226.04,0.00,N/A
104.25.225.49,4,3,0.25,226.08,0.00,N/A
172.66.208.83,4,3,0.25,226.11,0.00,N/A
104.16.183.27,4,3,0.25,226.31,0.00,N/A
104.16.75.185,4,3,0.25,226.37,0.00,N/A
172.66.201.248,4,3,0.25,226.39,0.00,N/A
104.17.71.81,4,3,0.25,227.45,0.00,N/A
162.159.196.148,4,3,0.25,227.66,0.00,N/A
104.16.78.64,4,3,0.25,227.66,0.00,N/A
104.16.211.75,4,3,0.25,227.84,0.00,N/A
162.159.24.210,4,3,0.25,227.90,0.00,N/A
172.66.205.9,4,3,0.25,228.25,0.00,N/A
162.159.10.193,4,3,0.25,228.44,0.00,N/A
104.16.207.237,4,3,0.25,228.48,0.00,N/A
104.17.66.23,4,3,0.25,228.52,0.00,N/A
104.25.44.93,4,3,0.25,228.65,0.00,N/A
104.17.70.155,4,3,0.25,228.65,0.00,N/A
104.25.170.28,4,3,0.25,228.97,0.00,N/A
162.159.201.146,4,4,0.00,66.33,0.00,N/A
172.66.210.44,4,3,0.25,229.60,0.00,N/A
104.25.158.139,4,3,0.25,229.77,0.00,N/A
104.25.214.108,4,3,0.25,229.92,0.00,N/A
104.16.202.59,4,3,0.25,229.97,0.00,N/A
104.17.5.63,4,4,0.00,231.26,0.00,N/A
104.16.242.131,4,4,0.00,67.85,0.00,N/A
104.16.175.96,4,4,0.00,223.90,0.00,N/A
104.16.31.53,4,3,0.25,230.82,0.00,N/A
104.25.162.235,4,3,0.25,231.08,0.00,N/A
104.17.93.43,4,3,0.25,231.17,0.00,N/A
104.25.166.216,4,3,0.25,231.47,0.00,N/A
104.17.90.33,4,3,0.25,231.56,0.00,N/A
162.159.195.8,4,3,0.25,231.58,0.00,N/A
104.16.167.217,4,3,0.25,231.61,0.00,N/A
104.25.168.45,4,3,0.25,231.65,0.00,N/A
172.66.209.167,4,3,0.25,231.67,0.00,N/A
104.25.167.54,4,3,0.25,231.68,0.00,N/A
162.159.25.162,4,3,0.25,232.13,0.00,N/A
104.17.68.37,4,3,0.25,232.16,0.00,N/A
104.17.73.34,4,3,0.25,232.34,0.00,N/A
104.16.36.132,4,3,0.25,233.03,0.00,N/A
104.16.139.174,4,3,0.25,233.37,0.00,N/A
104.16.71.84,4,3,0.25,233.39,0.00,N/A
104.17.89.8,4,3,0.25,233.56,0.00,N/A
172.66.207.99,4,3,0.25,233.80,0.00,N/A
104.16.88.30,4,3,0.25,233.84,0.00,N/A
162.159.250.59,4,3,0.25,234.12,0.00,N/A
104.16.46.109,4,3,0.25,234.20,0.00,N/A
104.17.85.168,4,3,0.25,234.37,0.00,N/A
104.16.172.85,4,3,0.25,234.48,0.00,N/A
198.41.215.104,4,3,0.25,234.91,0.00,N/A
104.25.173.108,4,3,0.25,235.02,0.00,N/A
162.159.242.57,4,3,0.25,235.21,0.00,N/A
104.17.77.60,4,3,0.25,235.26,0.00,N/A
104.16.238.149,4,3,0.25,235.30,0.00,N/A
104.17.67.146,4,3,0.25,235.54,0.00,N/A
104.16.170.95,4,3,0.25,236.44,0.00,N/A
104.16.169.228,4,3,0.25,236.79,0.00,N/A
104.17.69.109,4,3,0.25,236.92,0.00,N/A
104.17.81.165,4,3,0.25,237.63,0.00,N/A
172.66.200.178,4,3,0.25,237.65,0.00,N/A
162.159.239.117,4,3,0.25,237.73,0.00,N/A
104.16.237.139,4,3,0.25,237.94,0.00,N/A
104.17.87.244,4,3,0.25,238.14,0.00,N/A
104.25.161.225,4,3,0.25,238.17,0.00,N/A
104.25.153.133,4,3,0.25,238.17,0.00,N/A
162.159.212.252,4,3,0.25,238.33,0.00,N/A
104.16.87.194,4,3,0.25,238.50,0.00,N/A
104.17.94.75,4,3,0.25,238.56,0.00,N/A
104.16.26.206,4,3,0.25,239.16,0.00,N/A
104.25.42.77,4,3,0.25,239.46,0.00,N/A
104.17.91.206,4,3,0.25,239.57,0.00,N/A
104.25.156.37,4,3,0.25,239.68,0.00,N/A
162.159.160.73,4,3,0.25,239.72,0.00,N/A
162.159.233.59,4,3,0.25,240.15,0.00,N/A
104.16.125.238,4,3,0.25,240.19,0.00,N/A
104.16.199.227,4,3,0.25,240.22,0.00,N/A
104.16.210.46,4,3,0.25,240.46,0.00,N/A
104.17.84.165,4,3,0.25,240.74,0.00,N/A
104.17.76.36,4,3,0.25,240.82,0.00,N/A
104.25.163.106,4,3,0.25,241.66,0.00,N/A
104.25.165.104,4,3,0.25,242.06,0.00,N/A
104.25.164.135,4,3,0.25,242.30,0.00,N/A
162.159.194.68,4,3,0.25,243.39,0.00,N/A
104.17.74.140,4,3,0.25,243.80,0.00,N/A
104.17.78.136,4,3,0.25,244.06,0.00,N/A
104.16.85.54,4,3,0.25,244.28,0.00,N/A
162.159.213.5,4,3,0.25,247.38,0.00,N/A
104.16.163.88,4,3,0.25,249.92,0.00,N/A
104.25.43.37,4,3,0.25,251.22,0.00,N/A
104.16.198.163,4,3,0.25,252.23,0.00,N/A
104.17.72.19,4,3,0.25,256.73,0.00,N/A
141.101.121.113,4,3,0.25,258.73,0.00,N/A
108.162.195.77,4,3,0.25,263.75,0.00,N/A
104.25.134.78,4,3,0.25,264.15,0.00,N/A
104.25.124.18,4,3,0.25,266.25,0.00,N/A
104.25.122.135,4,3,0.25,266.31,0.00,N/A
108.162.198.223,4,3,0.25,267.40,0.00,N/A
141.101.113.125,4,3,0.25,268.32,0.00,N/A
104.25.130.163,4,3,0.25,269.07,0.00,N/A
188.114.96.229,4,3,0.25,269.37,0.00,N/A
104.25.127.67,4,3,0.25,269.72,0.00,N/A
173.245.58.178,4,3,0.25,270.18,0.00,N/A
104.25.55.206,4,3,0.25,271.65,0.00,N/A
104.25.133.52,4,3,0.25,272.59,0.00,N/A
104.25.131.176,4,3,0.25,272.60,0.00,N/A
104.25.152.11,4,3,0.25,272.62,0.00,N/A
104.25.125.10,4,3,0.25,273.52,0.00,N/A
104.25.128.70,4,3,0.25,273.96,0.00,N/A
162.159.135.1,4,3,0.25,273.97,0.00,N/A
104.25.126.194,4,3,0.25,274.55,0.00,N/A
104.25.92.227,4,3,0.25,275.92,0.00,N/A
104.25.129.7,4,3,0.25,276.34,0.00,N/A
104.25.132.67,4,3,0.25,276.92,0.00,N/A
104.25.47.29,4,3,0.25,277.67,0.00,N/A
104.25.91.235,4,3,0.25,277.75,0.00,N/A
104.25.150.36,4,3,0.25,277.80,0.00,N/A
104.25.121.45,4,3,0.25,279.04,0.00,N/A
104.25.108.236,4,3,0.25,280.50,0.00,N/A
104.25.111.231,4,3,0.25,285.17,0.00,N/A
162.159.224.182,4,3,0.25,291.84,0.00,N/A
104.25.97.208,4,3,0.25,305.85,0.00,N/A
104.25.71.69,4,3,0.25,316.47,0.00,N/A
104.25.82.120,4,3,0.25,316.59,0.00,N/A
104.25.246.205,4,2,0.50,64.22,0.00,N/A
104.17.161.27,4,2,0.50,67.03,0.00,N/A
172.64.145.14,4,2,0.50,67.98,0.00,N/A
104.17.155.140,4,2,0.50,69.60,0.00,N/A
104.17.154.240,4,2,0.50,69.71,0.00,N/A
104.17.172.22,4,2,0.50,70.05,0.00,N/A
104.17.159.111,4,2,0.50,70.08,0.00,N/A
104.25.245.35,4,2,0.50,70.56,0.00,N/A
104.17.160.59,4,2,0.50,72.34,0.00,N/A
104.17.153.223,4,2,0.50,73.00,0.00,N/A
104.17.156.243,4,2,0.50,73.51,0.00,N/A
104.25.252.100,4,2,0.50,74.16,0.00,N/A
104.25.242.69,4,2,0.50,75.53,0.00,N/A
104.17.170.48,4,2,0.50,76.19,0.00,N/A
104.17.171.3,4,2,0.50,76.22,0.00,N/A
104.25.251.221,4,2,0.50,76.23,0.00,N/A
172.64.144.52,4,2,0.50,76.57,0.00,N/A
104.17.152.72,4,2,0.50,77.17,0.00,N/A
104.17.165.119,4,2,0.50,77.30,0.00,N/A
104.17.168.86,4,2,0.50,77.84,0.00,N/A
104.17.169.13,4,2,0.50,77.85,0.00,N/A
172.64.146.163,4,2,0.50,78.56,0.00,N/A
104.17.166.93,4,2,0.50,79.09,0.00,N/A
104.17.167.61,4,2,0.50,79.51,0.00,N/A
104.17.163.104,4,2,0.50,80.95,0.00,N/A
104.17.164.206,4,2,0.50,83.87,0.00,N/A
172.66.168.72,4,2,0.50,207.47,0.00,N/A
172.66.166.117,4,2,0.50,208.99,0.00,N/A
172.67.77.148,4,2,0.50,209.17,0.00,N/A
172.66.167.45,4,2,0.50,209.24,0.00,N/A
104.26.1.109,4,2,0.50,209.60,0.00,N/A
104.26.0.161,4,2,0.50,210.40,0.00,N/A
172.66.172.34,4,2,0.50,211.67,0.00,N/A
172.67.78.105,4,2,0.50,212.39,0.00,N/A
172.66.174.178,4,2,0.50,212.46,0.00,N/A
104.25.182.138,4,2,0.50,212.95,0.00,N/A
172.67.74.22,4,2,0.50,213.34,0.00,N/A
104.18.100.201,4,2,0.50,213.63,0.00,N/A
104.25.190.215,4,2,0.50,214.38,0.00,N/A
172.66.173.109,4,2,0.50,214.40,0.00,N/A
172.67.102.240,4,2,0.50,214.47,0.00,N/A
172.67.79.166,4,2,0.50,214.90,0.00,N/A
172.66.170.110,4,2,0.50,215.02,0.00,N/A
104.17.41.46,4,2,0.50,216.18,0.00,N/A
172.67.75.205,4,2,0.50,216.31,0.00,N/A
104.25.185.19,4,2,0.50,216.79,0.00,N/A
104.18.99.221,4,2,0.50,217.01,0.00,N/A
104.25.191.188,4,2,0.50,217.34,0.00,N/A
172.67.76.137,4,2,0.50,217.41,0.00,N/A
172.67.98.230,4,2,0.50,217.75,0.00,N/A
172.67.94.250,4,2,0.50,217.83,0.00,N/A
172.67.88.41,4,2,0.50,218.84,0.00,N/A
104.17.44.49,4,2,0.50,218.92,0.00,N/A
104.16.23.249,4,2,0.50,219.81,0.00,N/A
104.25.231.27,4,2,0.50,220.07,0.00,N/A
172.67.81.47,4,2,0.50,220.43,0.00,N/A
172.66.176.43,4,2,0.50,220.53,0.00,N/A
172.67.85.86,4,2,0.50,220.53,0.00,N/A
172.66.177.93,4,2,0.50,220.74,0.00,N/A
104.18.70.75,4,2,0.50,221.06,0.00,N/A
172.67.84.89,4,2,0.50,221.51,0.00,N/A
104.25.188.65,4,2,0.50,221.64,0.00,N/A
104.16.108.235,4,2,0.50,221.79,0.00,N/A
172.67.96.56,4,2,0.50,222.17,0.00,N/A
104.25.186.108,4,2,0.50,222.30,0.00,N/A
104.16.119.196,4,2,0.50,222.43,0.00,N/A
104.25.183.74,4,2,0.50,222.52,0.00,N/A
172.67.99.208,4,2,0.50,222.73,0.00,N/A
104.25.239.48,4,2,0.50,223.14,0.00,N/A
104.17.14.61,4,2,0.50,223.82,0.00,N/A
104.17.13.207,4,2,0.50,223.86,0.00,N/A
104.25.192.165,4,2,0.50,223.94,0.00,N/A
104.25.228.216,4,2,0.50,224.09,0.00,N/A
104.18.97.196,4,2,0.50,224.11,0.00,N/A
172.67.103.150,4,2,0.50,224.30,0.00,N/A
104.25.184.114,4,2,0.50,224.43,0.00,N/A
172.67.80.191,4,2,0.50,224.54,0.00,N/A
172.67.97.141,4,2,0.50,224.65,0.00,N/A
162.159.251.150,4,2,0.50,224.84,0.00,N/A
104.25.237.125,4,2,0.50,224.96,0.00,N/A
172.67.83.101,4,2,0.50,225.26,0.00,N/A
104.16.220.238,4,2,0.50,225.86,0.00,N/A
172.67.90.230,4,2,0.50,226.06,0.00,N/A
104.25.236.130,4,2,0.50,226.37,0.00,N/A
104.18.69.247,4,2,0.50,226.37,0.00,N/A
104.25.230.65,4,2,0.50,226.43,0.00,N/A
104.25.103.166,4,2,0.50,226.66,0.00,N/A
104.17.75.4,4,2,0.50,227.34,0.00,N/A
104.25.232.42,4,2,0.50,227.50,0.00,N/A
104.25.159.100,4,2,0.50,227.70,0.00,N/A
162.159.32.246,4,2,0.50,228.35,0.00,N/A
104.25.229.125,4,2,0.50,228.61,0.00,N/A
172.67.87.6,4,2,0.50,228.65,0.00,N/A
104.25.171.91,4,2,0.50,229.26,0.00,N/A
104.18.135.192,4,2,0.50,229.78,0.00,N/A
104.25.217.249,4,2,0.50,230.16,0.00,N/A
172.66.197.2,4,2,0.50,230.35,0.00,N/A
104.25.189.181,4,2,0.50,230.59,0.00,N/A
104.25.233.140,4,2,0.50,230.89,0.00,N/A
104.17.132.17,4,2,0.50,231.19,0.00,N/A
104.25.100.181,4,2,0.50,231.45,0.00,N/A
104.25.210.83,4,2,0.50,231.62,0.00,N/A
104.25.180.181,4,2,0.50,231.70,0.00,N/A
104.25.234.3,4,2,0.50,232.20,0.00,N/A
172.66.216.15,4,2,0.50,232.38,0.00,N/A
104.25.187.232,4,2,0.50,232.59,0.00,N/A
172.66.213.49,4,2,0.50,232.90,0.00,N/A
104.17.131.214,4,2,0.50,233.10,0.00,N/A
104.25.221.143,4,2,0.50,233.68,0.00,N/A
104.25.169.83,4,2,0.50,233.78,0.00,N/A
104.25.181.187,4,2,0.50,233.79,0.00,N/A
172.66.215.42,4,2,0.50,234.16,0.00,N/A
104.25.51.57,4,2,0.50,234.25,0.00,N/A
104.25.50.24,4,2,0.50,234.60,0.00,N/A
104.25.206.98,4,2,0.50,235.06,0.00,N/A
104.25.52.199,4,2,0.50,235.58,0.00,N/A
104.18.96.60,4,2,0.50,235.73,0.00,N/A
104.25.208.120,4,2,0.50,235.76,0.00,N/A
104.18.98.202,4,2,0.50,235.92,0.00,N/A
172.66.171.129,4,2,0.50,235.93,0.00,N/A
104.25.207.94,4,2,0.50,235.98,0.00,N/A
172.67.82.135,4,2,0.50,236.72,0.00,N/A
172.66.217.186,4,2,0.50,236.93,0.00,N/A
172.66.169.237,4,2,0.50,236.97,0.00,N/A
104.25.45.169,4,2,0.50,237.97,0.00,N/A
104.25.209.53,4,2,0.50,238.47,0.00,N/A
172.65.11.162,4,2,0.50,239.89,0.00,N/A
104.25.204.111,4,2,0.50,241.09,0.00,N/A
104.17.129.172,4,2,0.50,241.23,0.00,N/A
104.25.172.2,4,2,0.50,241.49,0.00,N/A
104.18.68.48,4,2,0.50,242.67,0.00,N/A
104.17.128.170,4,2,0.50,243.18,0.00,N/A
104.17.40.137,4,2,0.50,243.69,0.00,N/A
104.25.205.229,4,2,0.50,245.82,0.00,N/A
172.66.165.248,4,2,0.50,261.17,0.00,N/A
141.101.90.219,4,2,0.50,275.88,0.00,N/A
104.24.237.253,4,2,0.50,286.72,0.00,N/A
104.24.236.191,4,2,0.50,288.13,0.00,N/A
190.93.245.115,4,2,0.50,291.11,0.00,N/A
104.24.238.102,4,2,0.50,292.09,0.00,N/A
104.24.242.243,4,2,0.50,292.67,0.00,N/A
104.24.235.101,4,2,0.50,293.35,0.00,N/A
104.24.239.148,4,2,0.50,293.88,0.00,N/A
104.24.233.51,4,2,0.50,295.34,0.00,N/A
104.24.243.209,4,2,0.50,295.35,0.00,N/A
104.24.245.139,4,2,0.50,296.14,0.00,N/A
104.24.232.86,4,2,0.50,298.14,0.00,N/A
104.25.95.126,4,2,0.50,298.80,0.00,N/A
104.24.234.33,4,2,0.50,299.01,0.00,N/A
104.25.94.77,4,2,0.50,300.27,0.00,N/A
104.24.241.216,4,2,0.50,300.84,0.00,N/A
104.24.240.192,4,2,0.50,302.89,0.00,N/A
104.25.93.206,4,2,0.50,304.92,0.00,N/A
104.25.90.243,4,2,0.50,314.06,0.00,N/A
104.24.226.197,4,2,0.50,359.63,0.00,N/A
104.24.218.178,4,2,0.50,366.09,0.00,N/A
104.25.72.103,4,2,0.50,370.36,0.00,N/A
104.17.177.138,4,1,0.75,59.69,0.00,N/A
172.64.229.107,4,1,0.75,64.39,0.00,N/A
104.17.186.121,4,1,0.75,65.07,0.00,N/A
104.17.190.180,4,1,0.75,67.11,0.00,N/A
104.17.173.184,4,1,0.75,67.70,0.00,N/A
104.17.182.18,4,1,0.75,67.73,0.00,N/A
104.17.191.96,4,1,0.75,67.74,0.00,N/A
104.17.189.1,4,1,0.75,68.79,0.00,N/A
104.17.175.63,4,1,0.75,69.62,0.00,N/A
104.17.188.158,4,1,0.75,70.28,0.00,N/A
104.17.174.156,4,1,0.75,70.72,0.00,N/A
104.17.176.95,4,1,0.75,71.80,0.00,N/A
104.17.179.229,4,1,0.75,73.76,0.00,N/A
104.17.185.211,4,1,0.75,77.39,0.00,N/A
104.17.181.4,4,1,0.75,77.77,0.00,N/A
104.17.184.8,4,1,0.75,77.85,0.00,N/A
104.17.187.109,4,1,0.75,77.96,0.00,N/A
104.17.183.24,4,1,0.75,80.87,0.00,N/A
104.17.180.238,4,1,0.75,81.95,0.00,N/A
104.17.178.158,4,1,0.75,94.11,0.00,N/A
104.18.136.240,4,1,0.75,201.22,0.00,N/A
104.18.71.145,4,1,0.75,202.77,0.00,N/A
172.66.128.145,4,1,0.75,203.08,0.00,N/A
172.66.135.158,4,1,0.75,203.09,0.00,N/A
104.18.139.170,4,1,0.75,203.80,0.00,N/A
172.66.134.60,4,1,0.75,204.03,0.00,N/A
172.66.136.45,4,1,0.75,204.09,0.00,N/A
104.25.197.216,4,1,0.75,204.55,0.00,N/A
172.66.144.44,4,1,0.75,204.82,0.00,N/A
172.67.110.129,4,1,0.75,205.50,0.00,N/A
104.18.138.81,4,1,0.75,205.67,0.00,N/A
172.66.131.2,4,1,0.75,206.33,0.00,N/A
172.67.91.104,4,1,0.75,206.56,0.00,N/A
104.24.193.177,4,1,0.75,207.44,0.00,N/A
104.18.104.149,4,1,0.75,207.82,0.00,N/A
104.25.147.66,4,1,0.75,208.04,0.00,N/A
172.67.109.138,4,1,0.75,208.07,0.00,N/A
172.66.143.239,4,1,0.75,208.65,0.00,N/A
172.67.112.46,4,1,0.75,208.70,0.00,N/A
172.67.89.56,4,1,0.75,208.94,0.00,N/A
172.66.138.62,4,1,0.75,209.05,0.00,N/A
172.66.130.73,4,1,0.75,209.21,0.00,N/A
104.25.149.14,4,1,0.75,209.22,0.00,N/A
104.18.105.104,4,1,0.75,209.85,0.00,N/A
172.67.117.19,4,1,0.75,210.93,0.00,N/A
104.24.212.213,4,1,0.75,211.50,0.00,N/A
172.66.146.22,4,1,0.75,211.62,0.00,N/A
172.66.145.79,4,1,0.75,211.62,0.00,N/A
172.67.116.51,4,1,0.75,211.63,0.00,N/A
104.25.196.193,4,1,0.75,211.74,0.00,N/A
172.65.16.169,4,1,0.75,212.61,0.00,N/A
172.64.75.45,4,1,0.75,213.32,0.00,N/A
104.25.145.4,4,1,0.75,213.44,0.00,N/A
172.67.119.39,4,1,0.75,213.79,0.00,N/A
172.67.111.150,4,1,0.75,214.15,0.00,N/A
172.66.133.252,4,1,0.75,215.24,0.00,N/A
104.25.148.71,4,1,0.75,215.41,0.00,N/A
172.66.148.15,4,1,0.75,215.54,0.00,N/A
104.25.198.154,4,1,0.75,216.79,0.00,N/A
104.25.141.111,4,1,0.75,216.88,0.00,N/A
104.18.73.176,4,1,0.75,218.09,0.00,N/A
104.18.102.222,4,1,0.75,218.09,0.00,N/A
104.18.101.105,4,1,0.75,218.31,0.00,N/A
172.65.15.63,4,1,0.75,218.44,0.00,N/A
104.24.189.192,4,1,0.75,218.83,0.00,N/A
172.64.81.107,4,1,0.75,219.00,0.00,N/A
172.66.159.5,4,1,0.75,219.14,0.00,N/A
172.66.129.163,4,1,0.75,219.23,0.00,N/A
104.18.140.50,4,1,0.75,219.53,0.00,N/A
104.24.154.204,4,1,0.75,219.60,0.00,N/A
104.24.214.182,4,1,0.75,219.81,0.00,N/A
172.66.163.188,4,1,0.75,219.83,0.00,N/A
172.65.13.170,4,1,0.75,219.99,0.00,N/A
172.65.12.194,4,1,0.75,220.14,0.00,N/A
172.67.104.168,4,1,0.75,220.37,0.00,N/A
104.18.75.112,4,1,0.75,220.52,0.00,N/A
104.25.76.121,4,1,0.75,220.66,0.00,N/A
172.66.137.244,4,1,0.75,221.03,0.00,N/A
104.18.103.167,4,1,0.75,221.09,0.00,N/A
172.64.230.4,4,1,0.75,221.19,0.00,N/A
104.25.194.110,4,1,0.75,221.29,0.00,N/A
104.25.235.198,4,1,0.75,221.60,0.00,N/A
104.18.32.69,4,1,0.75,221.75,0.00,N/A
104.25.193.221,4,1,0.75,221.98,0.00,N/A
104.25.54.6,4,1,0.75,222.09,0.00,N/A
104.17.88.196,4,1,0.75,222.26,0.00,N/A
172.67.108.44,4,1,0.75,222.39,0.00,N/A
172.64.231.228,4,1,0.75,222.40,0.00,N/A
104.25.49.57,4,1,0.75,222.63,0.00,N/A
104.25.56.191,4,1,0.75,222.65,0.00,N/A
172.66.140.242,4,1,0.75,222.82,0.00,N/A
172.66.154.136,4,1,0.75,222.99,0.00,N/A
104.18.72.135,4,1,0.75,223.13,0.00,N/A
104.18.74.148,4,1,0.75,223.13,0.00,N/A
104.25.138.146,4,1,0.75,223.17,0.00,N/A
104.16.54.212,4,1,0.75,223.43,0.00,N/A
104.25.53.29,4,1,0.75,223.57,0.00,N/A
104.18.106.62,4,1,0.75,223.60,0.00,N/A
172.66.149.54,4,1,0.75,223.66,0.00,N/A
172.67.107.231,4,1,0.75,223.83,0.00,N/A
104.24.190.219,4,1,0.75,224.42,0.00,N/A
172.67.106.85,4,1,0.75,224.52,0.00,N/A
172.66.162.108,4,1,0.75,224.56,0.00,N/A
104.25.63.144,4,1,0.75,224.63,0.00,N/A
104.17.79.24,4,1,0.75,225.48,0.00,N/A
172.64.68.59,4,1,0.75,225.52,0.00,N/A
104.25.135.62,4,1,0.75,225.54,0.00,N/A
172.66.153.187,4,1,0.75,225.59,0.00,N/A
172.67.114.224,4,1,0.75,225.75,0.00,N/A
104.25.146.2,4,1,0.75,225.87,0.00,N/A
104.27.16.30,4,1,0.75,226.28,0.00,N/A
104.18.110.19,4,1,0.75,226.38,0.00,N/A
104.25.57.96,4,1,0.75,226.47,0.00,N/A
172.66.175.145,4,1,0.75,226.61,0.00,N/A
104.25.195.238,4,1,0.75,226.61,0.00,N/A
104.25.117.36,4,1,0.75,226.77,0.00,N/A
104.18.111.150,4,1,0.75,226.94,0.00,N/A
104.18.78.179,4,1,0.75,226.94,0.00,N/A
104.17.64.235,4,1,0.75,227.10,0.00,N/A
172.66.157.123,4,1,0.75,227.10,0.00,N/A
104.18.77.162,4,1,0.75,227.54,0.00,N/A
172.64.67.147,4,1,0.75,227.70,0.00,N/A
104.18.107.16,4,1,0.75,227.88,0.00,N/A
172.66.152.209,4,1,0.75,228.17,0.00,N/A
172.64.66.10,4,1,0.75,228.41,0.00,N/A
172.67.101.58,4,1,0.75,228.43,0.00,N/A
172.67.113.197,4,1,0.75,228.57,0.00,N/A
172.66.155.135,4,1,0.75,228.87,0.00,N/A
104.25.142.25,4,1,0.75,228.93,0.00,N/A
104.16.218.147,4,1,0.75,229.04,0.00,N/A
104.25.84.122,4,1,0.75,229.43,0.00,N/A
104.18.79.125,4,1,0.75,229.76,0.00,N/A
104.18.141.24,4,1,0.75,230.07,0.00,N/A
104.27.15.148,4,1,0.75,230.31,0.00,N/A
104.25.46.124,4,1,0.75,230.49,0.00,N/A
104.24.191.105,4,1,0.75,230.78,0.00,N/A
172.64.72.106,4,1,0.75,231.12,0.00,N/A
104.27.14.84,4,1,0.75,231.19,0.00,N/A
104.25.137.70,4,1,0.75,231.22,0.00,N/A
172.66.164.155,4,1,0.75,231.76,0.00,N/A
104.25.140.139,4,1,0.75,232.06,0.00,N/A
172.64.85.177,4,1,0.75,232.24,0.00,N/A
172.66.147.251,4,1,0.75,232.38,0.00,N/A
172.66.156.168,4,1,0.75,232.49,0.00,N/A
104.25.136.87,4,1,0.75,232.52,0.00,N/A
172.67.105.101,4,1,0.75,232.85,0.00,N/A
104.25.144.131,4,1,0.75,232.95,0.00,N/A
172.66.151.137,4,1,0.75,233.15,0.00,N/A
104.24.186.243,4,1,0.75,233.17,0.00,N/A
172.65.23.246,4,1,0.75,233.84,0.00,N/A
172.64.76.142,4,1,0.75,234.08,0.00,N/A
104.17.138.49,4,1,0.75,234.28,0.00,N/A
104.24.188.192,4,1,0.75,234.39,0.00,N/A
172.64.232.61,4,1,0.75,234.47,0.00,N/A
172.64.235.245,4,1,0.75,234.58,0.00,N/A
104.17.136.55,4,1,0.75,234.80,0.00,N/A
104.27.13.36,4,1,0.75,234.90,0.00,N/A
104.17.86.19,4,1,0.75,234.94,0.00,N/A
104.25.176.48,4,1,0.75,234.94,0.00,N/A
104.24.184.42,4,1,0.75,234.98,0.00,N/A
104.24.182.211,4,1,0.75,235.64,0.00,N/A
104.24.178.197,4,1,0.75,235.68,0.00,N/A
104.27.10.211,4,1,0.75,235.71,0.00,N/A
104.27.11.27,4,1,0.75,235.85,0.00,N/A
172.64.86.115,4,1,0.75,235.88,0.00,N/A
172.65.17.138,4,1,0.75,235.94,0.00,N/A
172.64.233.139,4,1,0.75,236.08,0.00,N/A
104.24.152.170,4,1,0.75,236.13,0.00,N/A
172.66.150.204,4,1,0.75,236.16,0.00,N/A
104.27.12.128,4,1,0.75,236.36,0.00,N/A
172.64.83.247,4,1,0.75,236.59,0.00,N/A
172.66.142.31,4,1,0.75,236.61,0.00,N/A
172.67.100.115,4,1,0.75,236.63,0.00,N/A
104.24.205.82,4,1,0.75,236.83,0.00,N/A
172.65.19.248,4,1,0.75,237.74,0.00,N/A
172.65.20.12,4,1,0.75,237.74,0.00,N/A
104.18.142.57,4,1,0.75,238.27,0.00,N/A
172.66.132.161,4,1,0.75,238.32,0.00,N/A
172.64.80.119,4,1,0.75,238.56,0.00,N/A
104.24.187.7,4,1,0.75,238.58,0.00,N/A
104.17.139.112,4,1,0.75,238.61,0.00,N/A
104.25.66.78,4,1,0.75,238.68,0.00,N/A
104.25.112.76,4,1,0.75,238.78,0.00,N/A
104.24.180.43,4,1,0.75,238.87,0.00,N/A
104.25.70.134,4,1,0.75,239.27,0.00,N/A
104.25.175.70,4,1,0.75,239.54,0.00,N/A
172.67.115.44,4,1,0.75,239.61,0.00,N/A
172.65.21.142,4,1,0.75,239.63,0.00,N/A
104.17.137.116,4,1,0.75,240.06,0.00,N/A
104.24.153.76,4,1,0.75,240.11,0.00,N/A
104.17.92.104,4,1,0.75,240.19,0.00,N/A
104.18.137.199,4,1,0.75,240.30,0.00,N/A
172.67.92.155,4,1,0.75,240.43,0.00,N/A
172.67.93.22,4,1,0.75,240.43,0.00,N/A
104.24.181.196,4,1,0.75,240.84,0.00,N/A
104.24.179.253,4,1,0.75,241.02,0.00,N/A
172.66.139.130,4,1,0.75,241.11,0.00,N/A
104.25.115.153,4,1,0.75,241.23,0.00,N/A
104.25.73.27,4,1,0.75,241.43,0.00,N/A
172.66.141.30,4,1,0.75,241.44,0.00,N/A
104.24.209.234,4,1,0.75,241.45,0.00,N/A
172.66.158.145,4,1,0.75,241.56,0.00,N/A
104.25.139.161,4,1,0.75,242.50,0.00,N/A
104.25.123.119,4,1,0.75,242.55,0.00,N/A
172.66.160.106,4,1,0.75,242.81,0.00,N/A
104.25.88.83,4,1,0.75,243.79,0.00,N/A
104.17.142.116,4,1,0.75,243.81,0.00,N/A
104.17.143.203,4,1,0.75,244.09,0.00,N/A
104.25.177.58,4,1,0.75,244.45,0.00,N/A
104.25.143.92,4,1,0.75,244.55,0.00,N/A
104.17.95.63,4,1,0.75,244.60,0.00,N/A
172.64.82.206,4,1,0.75,244.61,0.00,N/A
104.20.4.127,4,1,0.75,244.76,0.00,N/A
104.18.108.108,4,1,0.75,245.08,0.00,N/A
104.25.48.211,4,1,0.75,245.18,0.00,N/A
172.66.161.123,4,1,0.75,245.54,0.00,N/A
172.65.18.4,4,1,0.75,245.93,0.00,N/A
104.25.120.2,4,1,0.75,246.93,0.00,N/A
104.27.93.121,4,1,0.75,246.97,0.00,N/A
104.24.151.133,4,1,0.75,247.01,0.00,N/A
104.25.85.203,4,1,0.75,247.11,0.00,N/A
104.25.110.68,4,1,0.75,247.33,0.00,N/A
172.67.95.24,4,1,0.75,247.75,0.00,N/A
104.20.33.100,4,1,0.75,247.96,0.00,N/A
104.20.2.182,4,1,0.75,248.55,0.00,N/A
172.67.118.55,4,1,0.75,248.95,0.00,N/A
104.25.119.20,4,1,0.75,249.31,0.00,N/A
104.17.140.158,4,1,0.75,249.42,0.00,N/A
104.17.135.163,4,1,0.75,249.80,0.00,N/A
104.24.149.132,4,1,0.75,250.01,0.00,N/A
172.64.234.52,4,1,0.75,250.43,0.00,N/A
104.17.134.71,4,1,0.75,250.52,0.00,N/A
104.17.133.252,4,1,0.75,251.52,0.00,N/A
104.24.185.206,4,1,0.75,252.38,0.00,N/A
104.24.150.212,4,1,0.75,255.28,0.00,N/A
104.25.116.95,4,1,0.75,255.91,0.00,N/A
104.25.107.170,4,1,0.75,256.23,0.00,N/A
104.24.202.87,4,1,0.75,256.88,0.00,N/A
104.25.87.237,4,1,0.75,257.05,0.00,N/A
104.25.105.73,4,1,0.75,258.20,0.00,N/A
104.25.109.24,4,1,0.75,258.30,0.00,N/A
104.25.113.110,4,1,0.75,258.87,0.00,N/A
104.20.32.72,4,1,0.75,259.02,0.00,N/A
104.24.183.128,4,1,0.75,260.13,0.00,N/A
104.25.86.200,4,1,0.75,260.86,0.00,N/A
104.17.130.236,4,1,0.75,261.97,0.00,N/A
104.24.203.63,4,1,0.75,263.41,0.00,N/A
104.25.106.107,4,1,0.75,266.91,0.00,N/A
104.18.30.108,4,1,0.75,268.29,0.00,N/A
104.25.83.52,4,1,0.75,271.73,0.00,N/A
104.18.31.171,4,1,0.75,273.85,0.00,N/A
104.25.114.235,4,1,0.75,274.81,0.00,N/A
104.25.118.201,4,1,0.75,275.11,0.00,N/A
104.24.201.105,4,1,0.75,288.36,0.00,N/A
104.24.230.192,4,1,0.75,295.27,0.00,N/A
104.24.199.53,4,1,0.75,305.35,0.00,N/A
104.24.200.39,4,1,0.75,306.45,0.00,N/A
104.18.29.56,4,1,0.75,315.98,0.00,N/A
104.24.229.182,4,1,0.75,321.61,0.00,N/A
104.24.198.231,4,1,0.75,323.21,0.00,N/A
104.25.78.176,4,1,0.75,323.68,0.00,N/A
104.24.197.127,4,1,0.75,323.89,0.00,N/A
104.18.28.156,4,1,0.75,326.50,0.00,N/A
104.24.227.27,4,1,0.75,330.73,0.00,N/A
104.25.80.185,4,1,0.75,334.18,0.00,N/A
104.24.224.196,4,1,0.75,335.70,0.00,N/A
104.25.104.107,4,1,0.75,342.75,0.00,N/A
104.25.77.129,4,1,0.75,345.13,0.00,N/A
104.24.222.7,4,1,0.75,346.13,0.00,N/A
104.25.61.205,4,1,0.75,347.45,0.00,N/A
104.24.215.29,4,1,0.75,348.20,0.00,N/A
104.24.194.221,4,1,0.75,348.64,0.00,N/A
104.24.216.249,4,1,0.75,349.50,0.00,N/A
104.24.219.151,4,1,0.75,350.08,0.00,N/A
104.25.101.70,4,1,0.75,350.52,0.00,N/A
104.24.213.86,4,1,0.75,351.23,0.00,N/A
104.25.102.164,4,1,0.75,352.02,0.00,N/A
104.25.79.160,4,1,0.75,352.34,0.00,N/A
104.24.195.96,4,1,0.75,355.99,0.00,N/A
104.25.74.14,4,1,0.75,357.62,0.00,N/A
104.24.196.189,4,1,0.75,357.82,0.00,N/A
104.25.64.151,4,1,0.75,358.07,0.00,N/A
104.25.59.25,4,1,0.75,358.21,0.00,N/A
104.25.81.200,4,1,0.75,358.28,0.00,N/A
104.24.225.222,4,1,0.75,358.62,0.00,N/A
104.24.210.174,4,1,0.75,359.06,0.00,N/A
104.25.58.216,4,1,0.75,359.63,0.00,N/A
104.25.68.125,4,1,0.75,359.79,0.00,N/A
104.25.62.138,4,1,0.75,360.95,0.00,N/A
104.24.211.229,4,1,0.75,361.94,0.00,N/A
104.25.60.159,4,1,0.75,362.24,0.00,N/A
104.24.204.81,4,1,0.75,363.36,0.00,N/A
104.25.99.58,4,1,0.75,363.62,0.00,N/A
104.25.75.155,4,1,0.75,365.03,0.00,N/A
104.25.65.29,4,1,0.75,366.46,0.00,N/A
104.24.192.8,4,1,0.75,366.78,0.00,N/A
104.25.69.102,4,1,0.75,382.81,0.00,N/A
104.24.217.209,4,1,0.75,391.50,0.00,N/A
104.25.67.3,4,1,0.75,395.19,0.00,N/A
